msonormal_links,msonormal_links/_text,msonormal_links/_title,msonormal_content
"http://www.actrec.gov.in/OCDB/genes/abcb4.htm","ABCB4","","ABCB4 P-glycoprotein 3 / Multidrug resistance"
"http://www.actrec.gov.in/OCDB/genes/ABCB1.htm","ABCB1","","ABCB1 ATP-binding cassete, subfamily B, member 1"
"http://www.actrec.gov.in/OCDB/genes/abl1.htm","ABL1","","ABL1 Abelson murine leukemia"
"http://www.actrec.gov.in/OCDB/genes/actb.htm","ACTB","","ACTB Actin beta"
"http://www.actrec.gov.in/OCDB/genes/actg1.htm","ACTG1","","ACTG1 Actin, gamma 1"
"http://www.actrec.gov.in/OCDB/genes/AKR1C1.htm","AKR1C1","","AKR1C1 Aldo-keto reductase 1"
"http://www.actrec.gov.in/OCDB/genes/akt3.htm","AKT3","","AKT3 v-akt murine thymoma viral oncogene homolog"
"http://www.actrec.gov.in/OCDB/genes/alb.htm","ALB","","ALB Serum albumin"
"http://www.actrec.gov.in/OCDB/genes/aldh10.htm","ALDH10","","ALDH10 Aldehyde dehydrogenase"
"http://www.actrec.gov.in/OCDB/genes/aldh5a1.htm","ALDH5A1","","ALDH5A1 Aldehyde dehydrogenase 5 family, member A1"
"http://www.actrec.gov.in/OCDB/genes/aldh8.htm","ALDH8","","ALDH8 Aldehyde dehydrogenase"
"http://www.actrec.gov.in/OCDB/genes/anxa1.htm","ANXA1","","ANXA1 Annexins"
"http://www.actrec.gov.in/OCDB/genes/anxa2.htm","ANXA2","","ANXA2 Annexins"
"http://www.actrec.gov.in/OCDB/genes/anxa5.htm","ANXA5","","ANXA5 Annexins"
"http://www.actrec.gov.in/OCDB/genes/APBA1.htm","APBA1","","APBA1 Amyloid beta(A4)precusor protein binding,family A,member 1"
"http://www.actrec.gov.in/OCDB/genes/apc.htm","APC","","APC Adenomatous polyposis coli"
"http://www.actrec.gov.in/OCDB/genes/apol1.htm","APOL1","","APOL1 Apolipoprotein L, 1"
"http://www.actrec.gov.in/OCDB/genes/AREG.htm","AREG","","AREG Amphiregulin"
"http://www.actrec.gov.in/OCDB/genes/ARHGDIB.htm","ARHGDIB","","ARHGDIB RHO GDP dissociation inhibitor beta"
"http://www.actrec.gov.in/OCDB/genes/apol2.htm","APOL2","","APOL2 Apolipoprotein L, 2"
"http://www.actrec.gov.in/OCDB/genes/atp2a2.htm","ATP2A2","","ATP2A2 ATPase type 2"
"http://www.actrec.gov.in/OCDB/genes/atp5b.htm","ATP5B","","ATP5B ATP Synthase beta chain"
"http://www.actrec.gov.in/OCDB/genes/AURKA.htm","AURKA","","AURKA Aurora Kinase A"
"http://www.actrec.gov.in/OCDB/genes/AURKB.htm","AURKB","","AURKB Auroara Kinase B"
"http://www.actrec.gov.in/OCDB/genes/AXIN1.htm","AXIN1","","AXIN1 Axis inhibitor 1"
"http://www.actrec.gov.in/OCDB/genes/bag1.htm","BAG1","","BAG1 Bcl-2 associated athanogene"
"http://www.actrec.gov.in/OCDB/genes/bat1.htm","BAT1","","BAT1 HLA-B associated transcript 1"
"http://www.actrec.gov.in/OCDB/genes/bax.htm","Bax","","Bax BCL2-associated X protein"
"http://www.actrec.gov.in/OCDB/genes/bcl-2.htm","BCL2","","BCL2 B-cell CLL/lymphoma 2"
"http://www.actrec.gov.in/OCDB/genes/bcl2l1.htm","BCL2L1","","BCL2L1 BCLX"
"http://www.actrec.gov.in/OCDB/genes/bf.htm","BF","","BF B-factor, properdin"
"http://www.actrec.gov.in/OCDB/genes/birc5.htm","BIRC5","","BIRC5 Survivin"
"http://www.actrec.gov.in/OCDB/genes/BLVRB.htm","BLVRB","","BLVRB Biliverdin reductase B/ Flavin reductase"
"http://www.actrec.gov.in/OCDB/genes/BMI1.htm","BMI1","","BMI1 BMI-1 polycomb ring-finger oncogne"
"http://www.actrec.gov.in/OCDB/genes/BSG.htm","BSG","","BSG Basigin"
"http://www.actrec.gov.in/OCDB/genes/BRAF.htm","BRAF","","BRAF Murine sarcoma viral oncogene homolog B1"
"http://www.actrec.gov.in/OCDB/genes/c3.htm","C3","","C3 Complement component 3"
"http://www.actrec.gov.in/OCDB/genes/ca2.htm","CA2","","CA2 Carbonic anhydrase 2"
"http://www.actrec.gov.in/OCDB/genes/cav1.htm","CAV1","","CAV1 Caveolin 1"
"http://www.actrec.gov.in/OCDB/genes/ccnd1.htm","CCND1","","CCND1 Cyclin D1 (PRAD1: parathyroid adenomatosis 1)"
"http://www.actrec.gov.in/OCDB/genes/ccnl1.htm","CCNL1","","CCNL1 Cyclin L"
"http://www.actrec.gov.in/OCDB/genes/cd1a.htm","CD1A","","CD1A CD1A antigen, a polypeptide"
"http://www.actrec.gov.in/OCDB/genes/CD44.htm","CD44","","CD44 CD44 antigen (Indian blood group)"
"http://www.actrec.gov.in/OCDB/genes/cdc2.htm","CDC2","","CDC2 Cell division control protein 2"
"http://www.actrec.gov.in/OCDB/genes/CDH1.htm","CDH1","","CDH1 E-Cadherin"
"http://www.actrec.gov.in/OCDB/genes/cdh17.htm","CDH17","","CDH17 Cadherin 17"
"http://www.actrec.gov.in/OCDB/genes/CDH2.htm","CDH2","","CDH2 Cadherin 2, type 1, N-Cadherin{neuronal}"
"http://www.actrec.gov.in/OCDB/genes/CDH3.htm","CDH3","","CDH3 cadherin 3, type 1, P-cadherin {placental"
"http://www.actrec.gov.in/OCDB/genes/cdk4.htm","CDK4","","CDK4 Cyclin-dependent kinase 4"
"http://www.actrec.gov.in/OCDB/genes/cdk6.htm","CDK6","","CDK6 Cyclin-dependent kinase 6"
"http://www.actrec.gov.in/OCDB/genes/CDKN1C.htm","CDKN1C","","CDKN1C Cyclin-dependent kinase inhibitor 1C"
"http://www.actrec.gov.in/OCDB/genes/CDKN2C.htm","CDKN2C","","CDKN2C Cyclin-dependent kinase inhibitor 2C"
"http://www.actrec.gov.in/OCDB/genes/ceacam6.htm","CEACAM6","","CEACAM6 Carcinoembryonic antigen-related cell adhesion molecule 6"
"http://www.actrec.gov.in/OCDB/genes/ces2.htm","CES2","","CES2 Carboxylesterase 2"
"http://www.actrec.gov.in/OCDB/genes/CFL1.htm","CFL1","","CFL1 Cofilin 1"
"http://www.actrec.gov.in/OCDB/genes/ches1.htm","CHES1","","CHES1 Checkpoint suppressor 1"
"http://www.actrec.gov.in/OCDB/genes/chka.htm","CHKA","","CHKA Choline kinase alpha"
"http://www.actrec.gov.in/OCDB/genes/CKM.htm","CKM","","CKM Creatin kinase m-chain"
"http://www.actrec.gov.in/OCDB/genes/cldn17.htm","CLD17","","CLD17 Claudin 17"
"http://www.actrec.gov.in/OCDB/genes/CLU.htm","CLU","","CLU Clusterin"
"http://www.actrec.gov.in/OCDB/genes/col1a2.htm","COL1A2","","COL1A2 Collagen type 1 alpha 2"
"http://www.actrec.gov.in/OCDB/genes/COPS5-jab1.htm","COPS5","","COPS5 COP9 constitutive photomorphogenic homolog subunit 5"
"http://www.actrec.gov.in/OCDB/genes/cox1.htm","COX1","","COX1 Cyclooxygenase 1"
"http://www.actrec.gov.in/OCDB/genes/cox2.htm","COX2","","COX2 Cyclooxygenase 2"
"http://www.actrec.gov.in/OCDB/genes/CRABP2.htm","CRABP2","","CRABP2 Cellular Retinoic Acid Binding Protein 2"
"http://www.actrec.gov.in/OCDB/genes/CRNN.htm","CRNN","","CRNN Cornulin"
"http://www.actrec.gov.in/OCDB/genes/cryab.htm","CRYAB","","CRYAB Crystallin, alpha B"
"http://www.actrec.gov.in/OCDB/genes/CSF1R.htm","CSF1R","","CSF1R Colony stimulating factor 1 receptor"
"http://www.actrec.gov.in/OCDB/genes/CSMD1.htm","CSMD1","","CSMD1 CUB and Sushi multiple domains 1"
"http://www.actrec.gov.in/OCDB/genes/CSTA.htm","CSTA","","CSTA Cystatin A (stefin A)"
"http://www.actrec.gov.in/OCDB/genes/cstb.htm","CSTB","","CSTB Cystatin B (stefin B)"
"http://www.actrec.gov.in/OCDB/genes/CTLA-4.htm","CTLA4","","CTLA4 cytotoxic T-lymphocyte-associated protein 4"
"http://www.actrec.gov.in/OCDB/genes/ctnnbip1.htm","CTNNBIP1","","CTNNBIP1 Beta catenin"
"http://www.actrec.gov.in/OCDB/genes/CTNND1.htm","CTNND1","","CTNND1 Catenin, delta 1"
"http://www.actrec.gov.in/OCDB/genes/ctsb.htm","CTSB","","CTSB Cathepsin B"
"http://www.actrec.gov.in/OCDB/genes/ctsd.htm","CTSD","","CTSD Cathepsin D"
"http://www.actrec.gov.in/OCDB/genes/CTTN.htm","CTTN","","CTTN Cortactin"
"http://www.actrec.gov.in/OCDB/genes/cxcr4.htm","CXCR4","","CXCR4 Chemokine (C-X-C motif) receptor 4"
"http://www.actrec.gov.in/OCDB/genes/CYLD.htm","CYLD","","CYLD Cylindromatosis (tubban tumor syndrome)"
"http://www.actrec.gov.in/OCDB/genes/cyp1a1.htm","CYP1A1","","CYP1A1 Cytochrome p450 1A1"
"http://www.actrec.gov.in/OCDB/genes/cyp2d6.htm","CYP2D6","","CYP2D6 Cytochrome p450 2D6"
"http://www.actrec.gov.in/OCDB/genes/CYP2E1.htm","CYP2E1","","CYP2E1 Cytochrome P450, family 2, subfamily E, polypeptide 1"
"http://www.actrec.gov.in/OCDB/genes/cyp3a5p2.htm","CYP3A5P2","","CYP3A5P2 Cytochrome P450, family 3, subfamily A, polypeptide 5"
"http://www.actrec.gov.in/OCDB/genes/cypa.htm","CYPA","","CYPA (Cyclophilin A) Peptidylprolyl isomerase A"
"http://www.actrec.gov.in/OCDB/genes/DBC1.htm","DBC1","","DBC1 Deleted in bladder cancer 1"
"http://www.actrec.gov.in/OCDB/genes/dbi.htm","DBI","","DBI Diazepam binding inhibitor"
"http://www.actrec.gov.in/OCDB/genes/DCC.htm","DCC","","DCC Deleted in colorectal carcinoma"
"http://www.actrec.gov.in/OCDB/genes/dcn.htm","DCN","","DCN Decorin"
"http://www.actrec.gov.in/OCDB/genes/DCUN1D1.htm","DCUN1D1","","DCUN1D1 Defective in cullin neddylation 1, domain 1"
"http://www.actrec.gov.in/OCDB/genes/DEFA1.htm","DEFA1","","DEFA1 Defensin, alpha1"
"http://www.actrec.gov.in/OCDB/genes/DEFA3.htm","DEFA3","","DEFA3 Defensin, alpha3"
"http://www.actrec.gov.in/OCDB/genes/dnase1l3.htm","DNASE1L3","","DNASE1L3 Deoxyribonuclease I-like 3"
"http://www.actrec.gov.in/OCDB/genes/doc1.htm","DOC1","","DOC1 CDK2-associated protein 1"
"http://www.actrec.gov.in/OCDB/genes/dsg1.htm","DSG1","","DSG1 Desmoglein 1"
"http://www.actrec.gov.in/OCDB/genes/DSG3.htm","DSG3","","DSG3 Desmoglein 3 (pemphigus vulgaris antigen)"
"http://www.actrec.gov.in/OCDB/genes/dsp.htm","DSP","","DSP Desmoplakin"
"http://www.actrec.gov.in/OCDB/genes/dzip1.htm","DZIP1","","DZIP1 DAZ interacting protein 1"
"http://www.actrec.gov.in/OCDB/genes/e2f1.htm","E2F1","","E2F1 Regulator of p16-cyclin D-Rb pathway"
"http://www.actrec.gov.in/OCDB/genes/egfr.htm","EGFR","","EGFR Epidermal growth factor receptor"
"http://www.actrec.gov.in/OCDB/genes/eef1a1.htm","EEF1A1","","EEF1A1 Eukaryotic translation elongation factor 1 alpha 1"
"http://www.actrec.gov.in/OCDB/genes/eif4e.htm","EIF4E","","EIF4E Eukaryotic translation initiation factor 4E"
"http://www.actrec.gov.in/OCDB/genes/eno1.htm","ENO1","","ENO1 Enolase 1"
"http://www.actrec.gov.in/OCDB/genes/ephb4.htm","EPHB4","","EPHB4 Epoxide hydroxylase 1"
"http://www.actrec.gov.in/OCDB/genes/ephx1.htm","EPHX1","","EPHX1 Human microsomal expoxide hydrolase"
"http://www.actrec.gov.in/OCDB/genes/eplin.htm","EPLIN","","EPLIN Epithelial protein lost in neoplasm"
"http://www.actrec.gov.in/OCDB/genes/ERBB2.htm","ErbB2","","ErbB2 Erythroblastic leukemia viral oncogene homolog 2"
"http://www.actrec.gov.in/OCDB/genes/ERBB4.htm","ERBB4","","ERBB4 v-erb-a erythroblastic leukemia viral oncogene homolog 4"
"http://www.actrec.gov.in/OCDB/genes/ets1.htm","ETS1","","ETS1 Erythroblastosis virus E26 oncogene homolog"
"http://www.actrec.gov.in/OCDB/genes/ETV4.htm","ETV4","","ETV4 ets variant gene 4 (E1A enhancer binding protein, E1AF)"
"http://www.actrec.gov.in/OCDB/genes/FABP5.htm","FABP5","","FABP5 Fatty acid binding prtein-5"
"http://www.actrec.gov.in/OCDB/genes/fat.htm","FAT","","FAT FAT tumor suppressor homolog (Cadherin 7)"
"http://www.actrec.gov.in/OCDB/genes/FGF3.htm","FGF3","","FGF3 Fibroblast growth factor 3"
"http://www.actrec.gov.in/OCDB/genes/FGF4.htm","FGF4","","FGF4 Fibroblast growth factor 4"
"http://www.actrec.gov.in/OCDB/genes/fgg.htm","FGG","","FGG Fibrinogen, gamma polypeptide"
"http://www.actrec.gov.in/OCDB/genes/fhit.htm","FHIT","","FHIT Fragile histidine triad gene"
"http://www.actrec.gov.in/OCDB/genes/FN1.htm","FN1","","FN1 Fibronectin"
"http://www.actrec.gov.in/OCDB/genes/FOS.htm","FOS","","FOS v-fos FBJ murine osteosarcoma viral oncogene homolog"
"http://www.actrec.gov.in/OCDB/genes/FSCN1.htm","FSCN1","","FSCN1 fascin homolog 1, actin-bundling protein"
"http://www.actrec.gov.in/OCDB/genes/fxyd3.htm","FXYD3","","FXYD3 FXDY domain-containing ion transport regulator 3"
"http://www.actrec.gov.in/OCDB/genes/fyb.htm","FYB","","FYB FYN binding protein"
"http://www.actrec.gov.in/OCDB/genes/FYN.htm","FYN","","FYN FYN Oncogene related to SRC, FGR, YES"
"http://www.actrec.gov.in/OCDB/genes/gal7.htm","GAL7","","GAL7 Galectin 7"
"http://www.actrec.gov.in/OCDB/genes/gapdh.htm","GAPD","","GAPD Glyceraldehyde-3-phosphate dehydrogenase"
"http://www.actrec.gov.in/OCDB/genes/gjb2.htm","GJB2","","GJB2 Gap junction protein (connexin)"
"http://www.actrec.gov.in/OCDB/genes/GNLY.htm","GNLY","","GNLY Granulysin"
"http://www.actrec.gov.in/OCDB/genes/gpx3.htm","GPX3","","GPX3 Glutathione peroxidase 3 (plasma)"
"http://www.actrec.gov.in/OCDB/genes/gsk3b.htm","GSK3B","","GSK3B Glycogen synthase kinase-3 beta"
"http://www.actrec.gov.in/OCDB/genes/gstm1.htm","GSTM1","","GSTM1 Glutathione S-transferase"
"http://www.actrec.gov.in/OCDB/genes/gstm3.htm","GSTM3","","GSTM3 Glutathione S-transferase M3"
"http://www.actrec.gov.in/OCDB/genes/gstp1.htm","GSTP1","","GSTP1 Glutathione S-transferase pi"
"http://www.actrec.gov.in/OCDB/genes/gstt1.htm","GSTT1","","GSTT1 Glutathione S-transferase"
"http://www.actrec.gov.in/OCDB/genes/h3f3a.htm","H3F3A","","H3F3A H3 histone, family 3A"
"http://www.actrec.gov.in/OCDB/genes/HBA1.htm","HBA1","","HBA1 Hemoglobin, alpha 1"
"http://www.actrec.gov.in/OCDB/genes/hbb.htm","HBB","","HBB Hemoglobin, beta"
"http://www.actrec.gov.in/OCDB/genes/hcam.htm","HCAM","","HCAM CD44 cell adhesion molecule"
"http://www.actrec.gov.in/OCDB/genes/HEC.htm","HEC","","HEC NDC 80 homolog, Kinetocore complex component(S.cerevisiae)"
"http://www.actrec.gov.in/OCDB/genes/hexa.htm","HEXA","","HEXA Hexosaminidase A (alpha polypeptide)"
"http://www.actrec.gov.in/OCDB/genes/hgf.htm","HGF","","HGF Hepatocyte growth factor"
"http://www.actrec.gov.in/OCDB/genes/hif1a.htm","HIF1A","","HIF1A Hypoxia-inducible factor-1 alpha"
"http://www.actrec.gov.in/OCDB/genes/HINT1.htm","HINT1","","HINT1 Histidine triad nucleotide-binding protein 1"
"http://www.actrec.gov.in/OCDB/genes/HIST4H4.htm","HIST4H4","","HIST4H4 Histone cluster 4, H4"
"http://www.actrec.gov.in/OCDB/genes/HMGA2.htm","HMG2","","HMG2 High mobility group AT-hook 2"
"http://www.actrec.gov.in/OCDB/genes/HMMR.htm","HMMR","","HMMR Hyaluronan-mediated motility receptor"
"http://www.actrec.gov.in/OCDB/genes/HOPX.htm","HOP","","HOP Homeodomain-only protein"
"http://www.actrec.gov.in/OCDB/genes/HOXA1.htm","HOXA1","","HOXA1 homeobox A1"
"http://www.actrec.gov.in/OCDB/genes/hpgd.htm","HPGD","","HPGD Hydroxyprostaglandin dehydrogenase 15-(NAD)"
"http://www.actrec.gov.in/OCDB/genes/HRAS.htm","HRAS","","HRAS v-Ha-ras Harvey rat sarcoma viral oncogene homolog"
"http://www.actrec.gov.in/OCDB/genes/hspa1a.htm","HSPA1A","","HSPA1A Heat shock protein 70kD"
"http://www.actrec.gov.in/OCDB/genes/hspb1.htm","HSPB1","","HSPB1 Heat shock 27kDa protein 1"
"http://www.actrec.gov.in/OCDB/genes/hspcb.htm","HSPCB","","HSPCB Heat shock 90kDa protein 1, beta"
"http://www.actrec.gov.in/OCDB/genes/hspd1.htm","HSPD1","","HSPD1 Heat shock 60kDa protein 1 (chaperonin)"
"http://www.actrec.gov.in/OCDB/genes/icam1.htm","ICAM1","","ICAM1 Intercellular cell adhesion molecule 1"
"http://www.actrec.gov.in/OCDB/genes/id1.htm","ID1","","ID1 Id protein 1"
"http://www.actrec.gov.in/OCDB/genes/id2.htm","ID2","","ID2 Id protein 2"
"http://www.actrec.gov.in/OCDB/genes/id3.htm","ID3","","ID3 Id protein 3"
"http://www.actrec.gov.in/OCDB/genes/id4.htm","ID4","","ID4 Inhibitor of DNA binding 4"
"http://www.actrec.gov.in/OCDB/genes/ifi44.htm","IFI44","","IFI44 Interferon-induced protein 44"
"http://www.actrec.gov.in/OCDB/genes/ifitm1.htm","IFITM1","","IFITM1 Interferon induced transmembrane protein 1"
"http://www.actrec.gov.in/OCDB/genes/igf2r.htm","IGF2R","","IGF2R Insulin-like growth factor receptor"
"http://www.actrec.gov.in/OCDB/genes/igfbp7.htm","IGFBP7","","IGFBP7 Insulin-like growth factor binding protein 7"
"http://www.actrec.gov.in/OCDB/genes/igkc.htm","IGKC","","IGKC Immunoglobulin kappa constant"
"http://www.actrec.gov.in/OCDB/genes/iglj3.htm","IGLJ3","","IGLJ3 Immunoglobulin lambda joining 3"
"http://www.actrec.gov.in/OCDB/genes/ik.htm","IK","","IK IK cytokine, down-regulator of HLAII"
"http://www.actrec.gov.in/OCDB/genes/il4r.htm","IL4R","","IL4R Interleukin 4 receptor"
"http://www.actrec.gov.in/OCDB/genes/IL8.htm","IL8","","IL8 InterLeukine-8"
"http://www.actrec.gov.in/OCDB/genes/il8rb.htm","IL8RB","","IL8RB Interleukin 8 receptor, beta"
"http://www.actrec.gov.in/OCDB/genes/IL13RA2.htm","IL13RA2","","IL13RA2 Interleukin 13 receptor, alpha 2"
"http://www.actrec.gov.in/OCDB/genes/ing1.htm","ING1","","ING1 Inhibitor of growth family"
"http://www.actrec.gov.in/OCDB/genes/INHA.htm","INHBA","","INHBA Inhibitin, beta A/Activin A"
"http://www.actrec.gov.in/OCDB/genes/itga5.htm","ITGA5","","ITGA5 Integrin alpha 5"
"http://www.actrec.gov.in/OCDB/genes/itgb4.htm","ITGB4","","ITGB4 Integrin beta 4"
"http://www.actrec.gov.in/OCDB/genes/ivl.htm","IVL","","IVL Involucrin"
"http://www.actrec.gov.in/OCDB/genes/Jun.htm","JUN","","JUN Jun oncogene"
"http://www.actrec.gov.in/OCDB/genes/kai1.htm","KAI1","","KAI1 Kangai 1"
"http://www.actrec.gov.in/OCDB/genes/kiaa0746.htm","KIAA0746","","KIAA0746 Hypothetical protein"
"http://www.actrec.gov.in/OCDB/genes/kifap3.htm","KIFAP3","","KIFAP3 kinesin-associated protein 3"
"http://www.actrec.gov.in/OCDB/genes/KLK8.htm","KLK8","","KLK8 Kallikrein 8"
"http://www.actrec.gov.in/OCDB/genes/krt1.htm","KRT1","","KRT1 Keratin 1"
"http://www.actrec.gov.in/OCDB/genes/krt3.htm","KRT3","","KRT3 Keratin 3"
"file:///F:/Genes/KRT4.HTM; http://www.actrec.gov.in/OCDB/genes/krt4.htm","; KRT4","","KRT4 Keratin 4"
"http://www.actrec.gov.in/OCDB/genes/krt5.htm","KRT5","","KRT5 Keratin 5"
"http://www.actrec.gov.in/OCDB/genes/krt6A.htm","KRT6A","","KRT6A Keratin 6A"
"http://www.actrec.gov.in/OCDB/genes/krt6B.htm","KRT6B","","KRT6B Keratin 6B"
"http://www.actrec.gov.in/OCDB/genes/krt8.htm","KRT8","","KRT8 Keratin 8"
"http://www.actrec.gov.in/OCDB/genes/krt9.htm","KRT9","","KRT9 Keratin 9"
"http://www.actrec.gov.in/OCDB/genes/krt10.htm","KRT10","","KRT10 Keratin 10"
"http://www.actrec.gov.in/OCDB/genes/krt13.htm","KRT13","","KRT13 Keratin 13"
"http://www.actrec.gov.in/OCDB/genes/krt14.htm","KRT14","","KRT14 Keratin 14"
"http://www.actrec.gov.in/OCDB/genes/krt16.htm","KRT16","","KRT16 Keratin 16"
"http://www.actrec.gov.in/OCDB/genes/krt17.htm","KRT17","","KRT17 Keratin 17"
"http://www.actrec.gov.in/OCDB/genes/KRT18.htm","KRT18","","KRT18 Keratin 18"
"http://www.actrec.gov.in/OCDB/genes/krt19.htm","KRT19","","KRT19 Keratin 19"
"http://www.actrec.gov.in/OCDB/genes/LAMA5.htm","LAMA5","","LAMA5 Laminin, alpha 5"
"http://www.actrec.gov.in/OCDB/genes/LAMC2.htm","LAMC2","","LAMC2 Laminin, gamma 2"
"http://www.actrec.gov.in/OCDB/genes/lamr1.htm","LAMR1","","LAMR1 Laminin receptor 1"
"http://www.actrec.gov.in/OCDB/genes/LDHA.htm","LDHA","","LDHA Lactate dehydrogenase A"
"http://www.actrec.gov.in/OCDB/genes/LDHB.htm","LDHB","","LDHB Lactate dehydrogenase B"
"http://www.actrec.gov.in/OCDB/genes/lepr.htm","LEPR","","LEPR Leptin receptor"
"http://www.actrec.gov.in/OCDB/genes/lgals1.htm","LGALS1","","LGALS1 Lectin, galactoside-binding 1 (galectin 1)"
"http://www.actrec.gov.in/OCDB/genes/LRP12.htm","LRP12","","LRP12 Low density lipoprotein related protein"
"http://www.actrec.gov.in/OCDB/genes/lyn.htm","LYN","","LYN v-yes-1 Yamagushi sarcoma viral related oncogene homolog"
"http://www.actrec.gov.in/OCDB/genes/mal.htm","MAL","","MAL Myelin and lymphocyte protein (T-cell differen protein)"
"http://www.actrec.gov.in/OCDB/genes/MAPRE1.htm","MAPRE1","","MAPRE1 Microtubule-associated protein, RP/EB family, member 1"
"http://www.actrec.gov.in/OCDB/genes/maob.htm","MAOB","","MAOB Monoamine oxidase B"
"http://www.actrec.gov.in/OCDB/genes/MCM2.htm","MCM2","","MCM2 Minichromosome maintenacnce complex component 2"
"http://www.actrec.gov.in/OCDB/genes/mctp1.htm","MCTP1","","MCTP1 Multiple C2-domains with two transmembrane regions 1"
"http://www.actrec.gov.in/OCDB/genes/mdm2.htm","MDM2","","MDM2 Murine double minute gene 2"
"http://www.actrec.gov.in/OCDB/genes/MECT1.htm","MECT1","","MECT1 Mucoepidermoid carcinoma translocated 1"
"http://www.actrec.gov.in/OCDB/genes/MET.htm","MET","","MET MET protponcogene"
"http://www.actrec.gov.in/OCDB/genes/MFAP4.htm","MFAP4","","MFAP4 Microfibril-associated glycoprotein 4"
"http://www.actrec.gov.in/OCDB/genes/mgmt.htm","MGMT","","MGMT O-6-methylguanine-DNA methyltransferase"
"http://www.actrec.gov.in/OCDB/genes/MICA.htm","MICA","","MICA MHC class I polypeptide-related sequence A"
"http://www.actrec.gov.in/OCDB/genes/mki67.htm","MKI67","","MKI67 Antigen identified by monoclonal antibody Ki-67"
"http://www.actrec.gov.in/OCDB/genes/MMP1.htm","MMP1","","MMP1 Matrix metallo peptidase 1"
"http://www.actrec.gov.in/OCDB/genes/mmp10.htm","MMP10","","MMP10 Stromelysin-2"
"http://www.actrec.gov.in/OCDB/genes/mmp11.htm","MMP11","","MMP11 Stromelysin-3"
"http://www.actrec.gov.in/OCDB/genes/mmp14.htm","MMP14","","MMP14 MTI-MMP"
"http://www.actrec.gov.in/OCDB/genes/MMP2.htm","MMP2","","MMP2 Matrix metallopeptidase 2"
"http://www.actrec.gov.in/OCDB/genes/mmp3.htm","MMP3","","MMP3 Stromelysin-1"
"http://www.actrec.gov.in/OCDB/genes/mmp-7.htm","MMP7","","MMP7 Matrilysin"
"http://www.actrec.gov.in/OCDB/genes/MMP9.htm","MMP9","","MMP9 Matrix metalloprotein 9"
"http://www.actrec.gov.in/OCDB/genes/mpp11.htm","MPP11","","MPP11 M-phase phosphoprotein 11"
"http://www.actrec.gov.in/OCDB/genes/mrpl13.htm","MRPL13","","MRPL13 Mitochondrial ribosomal protein L13"
"http://www.actrec.gov.in/OCDB/genes/MSH2.htm","MSH2","","MSH2 mutS homolog 2, colon cancer, nonpolyposis type 1"
"http://www.actrec.gov.in/OCDB/genes/MSN.htm","MSN","","MSN Moesin"
"http://www.actrec.gov.in/OCDB/genes/mst1r.htm","MST1R","","MST1R Macrophage stimulating 1 receptor"
"http://www.actrec.gov.in/OCDB/genes/muc1.htm","MUC1","","MUC1 Mucin 1, transmembrane"
"http://www.actrec.gov.in/OCDB/genes/c-myc.htm","MYC","","MYC Myelocytomatosis viral oncogene homolog"
"http://www.actrec.gov.in/OCDB/genes/MYH1.htm","MYH1","","MYH1 Myosin heavy chain 1, skeletal muscle"
"http://www.actrec.gov.in/OCDB/genes/myl1.htm","MYL1","","MYL1 Myosin light chain 1"
"http://www.actrec.gov.in/OCDB/genes/ncam1.htm","NCAM","","NCAM Neural cell adhesion molecule"
"http://www.actrec.gov.in/OCDB/genes/ndpk.htm","NDPK","","NDPK Nucleoside diphosphate kinase"
"http://www.actrec.gov.in/OCDB/genes/ndrg1.htm","NDRG1","","NDRG1 N-myc downstream regulated gene 1"
"http://www.actrec.gov.in/OCDB/genes/nfe2l2.htm","NFE2L2","","NFE2L2 Nuclear factor (erythroid derived 2)"
"http://www.actrec.gov.in/OCDB/genes/nmu.htm","NMU","","NMU Neuromedin U"
"http://www.actrec.gov.in/OCDB/genes/nos2.htm","NOSII","","NOSII Nitric oxide synthase type II"
"http://www.actrec.gov.in/OCDB/genes/npm1.htm","NPM1","","NPM1 Nucleophosmin (nucleolar phosphoprotein B23, numatrin)"
"http://www.actrec.gov.in/OCDB/genes/npr3.htm","NPR3","","NPR3 Natriuretic peptide receptor C/guanylate cyclase C"
"http://www.actrec.gov.in/OCDB/genes/NRAS.htm","NRAS","","NRAS Neuroblastoma RAS viral oncogene homolog"
"http://www.actrec.gov.in/OCDB/genes/nrg1.htm","NRG1","","NRG1 Neuregulin 1"
"http://www.actrec.gov.in/OCDB/genes/OGG1.htm","OGG1","","OGG1 8-Oxyguanine DNA glyosylase"
"http://www.actrec.gov.in/OCDB/genes/taos1.htm","ORAOV1","","ORAOV1 Oral cancer overexpressed 1"
"http://www.actrec.gov.in/OCDB/genes/p11.htm","P11","","P11 26 serine protease"
"http://www.actrec.gov.in/OCDB/genes/p15.htm","p15","","p15 Cyclin-dependent kinase inhibitor 2B"
"http://www.actrec.gov.in/OCDB/genes/p16.htm","p16","","p16 Cyclin-dependent kinase inhibitor 2A"
"http://www.actrec.gov.in/OCDB/genes/p21.htm","P21","","P21 Cyclin-dependent kinase inhibitor 1A (p21, Cip1)"
"http://www.actrec.gov.in/OCDB/genes/p27.htm","P27","","P27 Cyclin-dependent kinase inhibitor 1B (p27, kip1)"
"http://www.actrec.gov.in/OCDB/genes/p34cdc2.htm","P34CDC2","","P34CDC2 p34 protein kinase, cell division cycle 2"
"http://www.actrec.gov.in/OCDB/genes/p53.htm","p53","","p53 Tumor protein p53 (Li-Fraumeni syndrome)"
"http://www.actrec.gov.in/OCDB/genes/p63.htm","P63","","P63 Cytoskeleton-associated protein 4"
"http://www.actrec.gov.in/OCDB/genes/papss2.htm","PAPSS2","","PAPSS2 3'-phosphoadenosine 5'-phosphosulfate synthase 2"
"http://www.actrec.gov.in/OCDB/genes/PAX.htm","PAX","","PAX Paxillin"
"http://www.actrec.gov.in/OCDB/genes/pcna.htm","PCNA","","PCNA Proliferating cell nuclear antigen"
"http://www.actrec.gov.in/OCDB/genes/pdgf-a.htm","PDGFA","","PDGFA Platelet-derived growth factor A"
"http://www.actrec.gov.in/OCDB/genes/PDGFB.htm","PDGFB","","PDGFB Platelet-derived growth factor beta polypeptide"
"http://www.actrec.gov.in/OCDB/genes/PEBP1.htm","PEBP1","","PEBP1 Phosphatidylethanolamine-binding protein 1"
"http://www.actrec.gov.in/OCDB/genes/pecam1.htm","PECAM1","","PECAM1 Platelet-endothelial cell adhesion molecule 1"
"http://www.actrec.gov.in/OCDB/genes/peg3.htm","PEG3","","PEG3 Paternally expressed 3"
"http://www.actrec.gov.in/OCDB/genes/PFN1.htm","PFN1","","PFN1 Profilin-1"
"http://www.actrec.gov.in/OCDB/genes/PGAM1.htm","PGAM1","","PGAM1 Phosphoglycerate Mutase 1"
"http://www.actrec.gov.in/OCDB/genes/phb.htm","PHB","","PHB Prohibitin"
"http://www.actrec.gov.in/OCDB/genes/PIK3CA.htm","PIK3CA","","PIK3CA phosphoinositide-3-kinase, catalytic, alpha polypeptide"
"http://www.actrec.gov.in/OCDB/genes/PIM1.htm","PIM1","","PIM1 Pim1 Oncogene"
"http://www.actrec.gov.in/OCDB/genes/PIN1.htm","PIN1","","PIN1 Prolyl isomerase 1"
"http://www.actrec.gov.in/OCDB/genes/PKM2.htm","PKM2","","PKM2 Pyruvate kinase, muscle"
"http://www.actrec.gov.in/OCDB/genes/pkp3.htm","PKP3","","PKP3 Plakophilin"
"http://www.actrec.gov.in/OCDB/genes/plag1.htm","PLAG","","PLAG Pleiomorphic adenoma gene 1"
"http://www.actrec.gov.in/OCDB/genes/plau.htm","PLAU","","PLAU Plasminogen activator, urokinase"
"http://www.actrec.gov.in/OCDB/genes/plcg1.htm","PLCG1","","PLCG1 Phospholipase C gamma 1"
"http://www.actrec.gov.in/OCDB/genes/plec1.htm","PLEC1","","PLEC1 Plectin 1"
"http://www.actrec.gov.in/OCDB/genes/PLK.htm","PLK","","PLK Polo-like Kinase 1"
"http://www.actrec.gov.in/OCDB/genes/PLS1.htm","PLS1","","PLS1 Plastin1"
"http://www.actrec.gov.in/OCDB/genes/POSTN.htm","POSTN","","POSTN Periostin, Osteoblast specific factor"
"http://www.actrec.gov.in/OCDB/genes/PPP1CA.htm","PPP1CA","","PPP1CA protein phosphatase 1, catalytic subunit, alpha isoform"
"http://www.actrec.gov.in/OCDB/genes/ppp1r3c.htm","PPP1R3C","","PPP1R3C Protein phosphatase 1"
"http://www.actrec.gov.in/OCDB/genes/PRDX1.htm","PRDX1","","PRDX1 Peroxiredoxin 1"
"http://www.actrec.gov.in/OCDB/genes/PRDX2.htm","PRDX2","","PRDX2 Peroxiredoxin 2"
"http://www.actrec.gov.in/OCDB/genes/PRDX3.htm","PRDX3","","PRDX3 Peroxiredoxin 3"
"http://www.actrec.gov.in/OCDB/genes/prdx4.htm","PRDX4","","PRDX4 Thioredoxin peroxidase"
"http://www.actrec.gov.in/OCDB/genes/PSME1.htm","PSME1","","PSME1 Proteosome (prosome, macropain) activator subunit 1"
"http://www.actrec.gov.in/OCDB/genes/pten.htm","PTEN","","PTEN Phosphate and tensin homolog"
"http://www.actrec.gov.in/OCDB/genes/PTHLH.htm","PTHLH","","PTHLH parathyroid hormone-like hormone"
"http://www.actrec.gov.in/OCDB/genes/ptpn13.htm","PTPN13","","PTPN13 Fas-associated phosphatase-1"
"http://www.actrec.gov.in/OCDB/genes/PTMA.htm","PTMA","","PTMA Prothymosin, alpha"
"http://www.actrec.gov.in/OCDB/genes/RAB1A.htm","RAB1A","","RAB1A Member of RAS oncogene family"
"http://www.actrec.gov.in/OCDB/genes/RARB.htm","RARB","","RARB Retinoic acid receptor, beta"
"http://www.actrec.gov.in/OCDB/genes/rb.htm","Rb","","Rb Retinoblastoma 1 (including osteosarcoma)"
"http://www.actrec.gov.in/OCDB/genes/REL.htm","REL","","REL V-REL Reticuloendotheliosis viral oncogene homolog"
"http://www.actrec.gov.in/OCDB/genes/RIN1.htm","RIN1","","RIN1 RAS and RAB interactor 1"
"http://www.actrec.gov.in/OCDB/genes/rras.htm","RRAS","","RRAS Related RAS viral (r-ras) oncogene homolog 2"
"http://www.actrec.gov.in/OCDB/genes/s100a2.htm","S100A2","","S100A2 S100 Calcium binding protein A2"
"http://www.actrec.gov.in/OCDB/genes/s100a4.htm","S100A4","","S100A4 S100 calcium binding protein A4"
"http://www.actrec.gov.in/OCDB/genes/s100a7.htm","S100A7","","S100A7 S100 calcium-binding protein A7 (psoriasin 1)"
"http://www.actrec.gov.in/OCDB/genes/s100a9.htm","S100A9","","S100A9 S100 calcium binding protein A9 (calgranulin B)"
"http://www.actrec.gov.in/OCDB/genes/S100A11.htm","S100A11","","S100A11 S100 calcium binding protein A11"
"http://www.actrec.gov.in/OCDB/genes/S100P.htm","S100P","","S100P S100 calcium binding protein P"
"http://www.actrec.gov.in/OCDB/genes/scel.htm","SCEL","","SCEL Sciellin"
"http://www.actrec.gov.in/OCDB/genes/sdc1.htm","SDC1","","SDC1 Syndecan 1"
"http://www.actrec.gov.in/OCDB/genes/SERPINB5.htm","SERPINB5","","SERPINB5 Serpin peptidase inhibitor, clade B {ovalalbubin}, member 5"
"http://www.actrec.gov.in/OCDB/genes/SERPINB13.htm","SERPINB13","","SERPINB13 serpin peptidase inhibitor, clade B (ovalbumin), member 13"
"http://www.actrec.gov.in/OCDB/genes/SERPINE1.htm","SERPINE1","","SERPINE1 Serpin peptidase inhibitor, clade E"
"http://www.actrec.gov.in/OCDB/genes/14-3-3.htm","SFN","","SFN Stratifin"
"http://www.actrec.gov.in/OCDB/genes/SHANK2.htm","SHANK2","","SHANK2 SH3/ankyrin domain gene2"
"http://www.actrec.gov.in/OCDB/genes/shh.htm","SHH","","SHH Sonic hedgehog"
"http://www.actrec.gov.in/OCDB/genes/SIP1.htm","SIP1","","SIP1 survival of motor neuron protein interacting protein 1"
"http://www.actrec.gov.in/OCDB/genes/skil.htm","SKIL","","SKIL SKI like"
"http://www.actrec.gov.in/OCDB/genes/skp2.htm","SKP2","","SKP2 S-phase kinase associated protein 2"
"http://www.actrec.gov.in/OCDB/genes/slc2a1.htm","SLC2A1","","SLC2A1 Solute carrier family 2, member 1"
"http://www.actrec.gov.in/OCDB/genes/slc39a8.htm","SLC39A8","","SLC39A8 Solute carrier family 39 (zinc transporter)"
"http://www.actrec.gov.in/OCDB/genes/SMARCA4.htm","SMARCA4","","SMARCA4 SWI/SNF related, actin dependent regulator of chromatin"
"http://www.actrec.gov.in/OCDB/genes/SNAI1.htm","SNAI1","","SNAI1 Snail homolog 1"
"http://www.actrec.gov.in/OCDB/genes/SNX4.htm","SNX4","","SNX4 Sorting nexin"
"http://www.actrec.gov.in/OCDB/genes/sod2.htm","SOD2","","SOD2 Superoxide dismutase 2, mitochondrial"
"http://www.actrec.gov.in/OCDB/genes/SPARC.htm","SPARC","","SPARC Secreted protein, acidic,cysteine-rich"
"http://www.actrec.gov.in/OCDB/genes/SPHK1.htm","SPHK1","","SPHK1 Sphingosine Kinase 1"
"http://www.actrec.gov.in/OCDB/genes/SPINK5.htm","SPINK5","","SPINK5 Serine Peptidase Inhibitor, Kazal type 5"
"http://www.actrec.gov.in/OCDB/genes/sprr2a.htm","SPRR2A","","SPRR2A Small proline-rich protein 2A"
"http://www.actrec.gov.in/OCDB/genes/sprr3.htm","SPRR3","","SPRR3 Small proline-rich protein 3"
"http://www.actrec.gov.in/OCDB/genes/sptbn1.htm","SPTBN1","","SPTBN1 Spectrin, beta, non-erythrocytic 1"
"http://www.actrec.gov.in/OCDB/genes/SRI.htm","SRI","","SRI Sorcin"
"http://www.actrec.gov.in/OCDB/genes/stag2.htm","STAG2","","STAG2 Stromal antigen 2"
"http://www.actrec.gov.in/OCDB/genes/stat-3.htm","STAT3","","STAT3 Signal transducers and activators of transcription 3"
"http://www.actrec.gov.in/OCDB/genes/stat5b.htm","STAT5B","","STAT5B Signal transducer and activator of transcription 5B"
"http://www.actrec.gov.in/OCDB/genes/TACSTD1.htm","TACSTD1","","TACSTD1 Tumor Associated Calcium Signal TransDucer 1"
"http://www.actrec.gov.in/OCDB/genes/tal1.htm","TAl1","","TAl1 T-cell acute lymphocytic leukemia 1"
"http://www.actrec.gov.in/OCDB/genes/TAGLN.htm","TAGLN","","TAGLN Transgelin"
"http://www.actrec.gov.in/OCDB/genes/tcf20.htm","TCF20","","TCF20 Transcription factor 20 (AR1)"
"http://www.actrec.gov.in/OCDB/genes/tert.htm","TERT","","TERT Telomerase"
"http://www.actrec.gov.in/OCDB/genes/tgfa.htm","TGFA","","TGFA Transforming growth factor alpha"
"http://www.actrec.gov.in/OCDB/genes/tgfb.htm","TGFB1","","TGFB1 Transforming growth factor beta 1"
"http://www.actrec.gov.in/OCDB/genes/tgfb2.htm","TGFB2","","TGFB2 Transforming growth factor BETA 2"
"http://www.actrec.gov.in/OCDB/genes/tgm3.htm","TGM3","","TGM3 Transglutaminase 3"
"http://www.actrec.gov.in/OCDB/genes/TIAM1.htm","TIAM1","","TIAM1 T-cell lymphoma invasion and metastasis"
"http://www.actrec.gov.in/OCDB/genes/timp1.htm","TIMP1","","TIMP1 Tissue inhibitor of metalloproteinase 1"
"http://www.actrec.gov.in/OCDB/genes/timp2.htm","TIMP2","","TIMP2 Tissue inhibitor of metalloproteinase 2"
"http://www.actrec.gov.in/OCDB/genes/timp3.htm","TIMP3","","TIMP3 Tissue inhibitor of MMP-3"
"http://www.actrec.gov.in/OCDB/genes/TK1.htm","TK1","","TK1 Thymidine Kinase 1"
"http://www.actrec.gov.in/OCDB/genes/tnfrsf10a.htm","TNFRSF10A","","TNFRSF10A Tumor necrosis factor receptor superfamily 10a"
"http://www.actrec.gov.in/OCDB/genes/tnfrsf10b.htm","TNFRSF10B","","TNFRSF10B Tumor necrosis factor receptor superfamily 10b"
"http://www.actrec.gov.in/OCDB/genes/tnfrsf6.htm","TNFRSF6","","TNFRSF6 Tumor necrosis factor receptor superfamily 6"
"http://www.actrec.gov.in/OCDB/genes/tnfsf6.htm","TNFSF6","","TNFSF6 Fas ligand"
"http://www.actrec.gov.in/OCDB/genes/TNNT1.htm","TNNT1","","TNNT1 Troponin T"
"http://www.actrec.gov.in/OCDB/genes/tnr.htm","TNR","","TNR Tenascin R (restrictin, janusin)"
"http://www.actrec.gov.in/OCDB/genes/tpi1.htm","TPI1","","TPI1 Triosephosphate isomerase 1"
"http://www.actrec.gov.in/OCDB/genes/tpm1.htm","TPM1","","TPM1 Tropomyosin 1 (alpha)"
"http://www.actrec.gov.in/OCDB/genes/tpm2.htm","TPM2","","TPM2 Tropomyosin 2 (beta)"
"http://www.actrec.gov.in/OCDB/genes/TPT1.htm","TPT1","","TPT1 Tumor protein, translationally-controlled 1"
"http://www.actrec.gov.in/OCDB/genes/trl2.htm","TRL2","","TRL2 tRNA leucine 2"
"http://www.actrec.gov.in/OCDB/genes/tspan2.htm","TSPAN2","","TSPAN2 Tetraspanin 2"
"http://www.actrec.gov.in/OCDB/genes/tuba1.htm","TUB","","TUB Tubulin"
"http://www.actrec.gov.in/OCDB/genes/TUBB2C.htm","TUBB2C","","TUBB2C Tubulin, beta 2C"
"http://www.actrec.gov.in/OCDB/genes/TYMP.htm","TYMP","","TYMP Thymidine Phosphorylase"
"http://www.actrec.gov.in/OCDB/genes/UBE2C.htm","UBE2C","","UBE2C Ubiquitin-conjucating enzyme E2C"
"http://www.actrec.gov.in/OCDB/genes/ubd.htm","UBD","","UBD Ubiquitin D"
"http://www.actrec.gov.in/OCDB/genes/UCHL1.htm","UCHL1","","UCHL1 Ubiquitin carboxyl-terminal esterase L1"
"http://www.actrec.gov.in/OCDB/genes/ucp2.htm","UCP2","","UCP2 Uncoupling protein 2"
"http://www.actrec.gov.in/OCDB/genes/USF1.htm","USF1","","USF1 upstream transcription facto"
"http://www.actrec.gov.in/OCDB/genes/Versican.htm","VCAN","","VCAN Versican"
"http://www.actrec.gov.in/OCDB/genes/vdac2.htm","VDAC2","","VDAC2 Voltage-dependent anion channel 2"
"http://www.actrec.gov.in/OCDB/genes/VEGFA.htm","VEGFA","","VEGFA Vascular endothelial growth factor A"
"http://www.actrec.gov.in/OCDB/genes/vegf-b.htm","VEGFB","","VEGFB Vascular endothelial growth factor B"
"file:///F:/Genes/vegf-c.htm; http://www.actrec.gov.in/OCDB/genes/vegf-c.htm","; VEGFC","","VEGFC Vascular endothelial growth factor C"
"http://www.actrec.gov.in/OCDB/genes/VIM.htm","VIM","","VIM Vimentin"
"http://www.actrec.gov.in/OCDB/genes/WIF-1.htm","WIF1","","WIF1 WNT inhibitory factor 1"
"http://www.actrec.gov.in/OCDB/genes/WISP2.htm","WISP2","","WISP2 WNT inducible signaling pathway protein 2"
"http://www.actrec.gov.in/OCDB/genes/wnt14.htm","WNT14","","WNT14 Wingless-type MMTV integration site family, member 14"
"http://www.actrec.gov.in/OCDB/genes/WNT5A.htm","WNT5A","","WNT5A Wingless-type MMTV integration site family, member 5"
"http://www.actrec.gov.in/OCDB/genes/wt1.htm","WT1","","WT1 Wilms tumor 1"
"http://www.actrec.gov.in/OCDB/genes/xiap.htm","XIAP","","XIAP X-chromosome linked inhibitor of apoptosis protein"
"http://www.actrec.gov.in/OCDB/genes/xpc.htm","XPC","","XPC DNA repair gene"
"http://www.actrec.gov.in/OCDB/genes/xrcc1.htm","XRCC1","","XRCC1 XRCC1"
"http://www.actrec.gov.in/OCDB/genes/YWHAZ.htm","YWHAZ","","YWHAZ tyrosine 3-monooxygenase zeta polypeptide)"
"http://www.actrec.gov.in/OCDB/genes/zap70.htm","ZAP70","","ZAP70 Zeta chain (part of the receptor of T-cells"
"http://www.actrec.gov.in/OCDB/genes/znf273.htm","ZNF273","","ZNF273 Zinc finger protein 273"
